"id";"titles";"price"
0;"The Complete Peanuts Book";"$65"
1;"Bookends";"$20"
2;"LENSMAN SAGA EASTON PRESS 6 LEATHER BOUND BOOKS";"$20"
3;"Christopher Paolini New First Editions Brisingr and Eldest Hard Cover";"$5"
4;"CAESAR AND CHRIST, 1995 EASTON PRESS LEATHER BOUND BOOK";"$5"
5;"Nancy Drew BLUE END PAGES Ex cond";"$395"
6;"WATERLOO,  THE HUNDRED DAYS EASTON PRESS";"$395"
7;"Exploring Medical Language by Myrna LaFleur Brooks and Danielle L";"$25"
8;"Orchestration by Cecil Forsyth";"$25"
9;"&quot;Orchestration&quot; by Walter Piston";"$45"
10;"In Search of Sacha - An ethereal fairy tale";"$45"
11;"The Game of Thrones Book Set";"$20"
12;"79 Mojo Magazines 1999-2006 Rock &#39;n Roll HISTORY Heaven";"$20"
13;"NEW Black Dr. Dean Edwell 2.50 Reading Glasses + Case + 2 Lip Balms";"$45"
14;"COMICS COMICS COMICS OVER 60K COMICS 1 BUCK EACH";"$45"
15;"LAST WEEKEND OF NEW COMICS OVER 160 LONG BOXES $1 EACH OR $75 LONG BX";"$65"
16;"TAO TE CHING EASTON PRESS BOOK";"$65"
17;"Pain 10s";"$5"
18;"TARZAN OF THE APES EASTON PRESS BOOK";"$5"
19;"13 DAYS TO GLORY, THE SIEGE OF THE ALAMO, EASTON PRESS BOOK";"$5"
20;"Nantucket Island, Gambee Robert";"$5"
21;"A TRAVELLER&#39;S GUIDES TO CHRISTIAN EUROPE";"$10"
22;"Sherlock Holmes: My Life and Crimes Hardwick, Michael 1986";"$10"
23;"23 BOOKS: INCLUDING HARD COVERS ONLY $5!";"$20"
24;"The Book Of Common Prayer (Episcopal Church, 1945 ) Psalms of David";"$20"
25;"STAR TREK 365 THE ORIGINAL SERIES EASTON PRESS LEATHER BOUND BOOK";"$325"
26;"Persian Miniatures; a Picture Book Metropolitan Museum of Art 1944";"$325"
27;"Conceptual Physical Science-Explorations Hardcover";"$15"
28;"6 Vintage Cook Books 1925-1974";"$15"
29;"Behind the Masks: Personality Disorders in Religious Behavior &#39;97";"$1"
30;"THE FORBIDDEN COAST: THE STORY OF A JOURNEY TO RIO DE ORO";"$1"
31;"Langenscheidt&#39;s Universal German Dictionary: German-English Eng-Ger";"$1"
32;"Scotland The Light and the Land - Baxter, Colin (photographs)";"$1"
33;"Stylist: The interpreters of Fashion";"$45"
34;"\xe2\x80\x9cAngels\xe2\x80\x9d";"$45"
35;"Vogue Book";"$12"
36;"*COLLECTIBLE* Maida Heatter&#39;s Book of Great Desserts";"$45"
37;"*BRAND NEW* Martha Stewart&#39;s New Pies and Tarts / Get ready for the ho";"$45"
38;"Beethoven; a Critical Biography by Vincent d&#39;Indy /Theodore Baker 1913";"$45"
39;"&quot;Super Natural Every Day&quot; cookbook by Heidi Swanson";"$45"
40;"My Life in France by Julia Child";"$7"
41;"Italy Al Dente \xe2\x80\x93 Biba Caggiano cookbook \xe2\x80\x93 Hardcover";"$7"
42;"The Roman Martyrology by Catholic Church- 16 March 2011";"$30"
43;"2008 KAWASAKI KLX450R MOTOCROSS MOTORCYCLE OWNERS MANUAL -KLX 450 R-KL";"$30"
44;"2009 KTM Owner\xe2\x80\x99s Manual 50 SX, 50 SX Junior, 50 SX Mini";"$7"
45;"Like Russian dolls, but it&#39;s books with a secret safe";"$7"
46;"1996 Yankee Yearbook";"$5"
47;"Yankees 1993 Yearbook and 1994 Souvenir Program";"$5"
48;"NY Yankees 1967 Yearbook Revised Edition";"$25"
49;"1964 Yankee Yearbook";"$25"
50;"Daytona beach photo album";"$100"
51;"Looking to buy old video games and consoles";"$100"
52;"1996 Official World Series Book";"$15"
53;"Sports Illustrated: The Olympics- A History of The Games";"$15"
54;"KIDNAPPED EASTON PRESS LEATHER BOUND COLLECTORS EDITION BOOK";"$9"
55;"SINBAD THE SAILER EASTON PRESS LEATHER BOUND COLLECTORS EDITION BOOK";"$9"
56;"THE BUCCANEER KING EASTON PRESS BOOK";"$20"
57;"Leonardo journal";"$20"
58;"Paperback and hardback books - Stephen King, Tolkein, etc.";"$9"
59;"Cats Cradle by Kurt Vonnegut Audio Book";"$9"
60;"Harvard Classics 52 Volumes";"$7"
61;"Kids LOT Pinkalicious Set Series Girls Hard Cover Book LIKE NEW";"$7"
62;"Dr. Burgess&#39;s ATLAS of Marine Aquarium FISHES";"$12"
63;"Collier&#39;s Encyclopedia 24 Volumes";"$12"
64;"College Textbooks";"$7"
65;"Alcohol: Science, Policy and Public Health";"$7"
66;"MATH PHONICS early reader books BISCUIT dog Super Heroes Backyardigans";"$10"
67;"Trains and Motorcycles";"$10"
68;"Freedomland 1960-1964";"$30"
69;"Book Mom MBA";"$30"
70;"Conversations with Friends: A Novel: Sally Rooney";"$10"
71;"1998 MONSIGNOR FARRELL STATEN ISLAND N.Y. YEARBOOK";"$10"
72;"Nazi Propaganda book";"$0"
73;"Classic Jewish Cookbook";"$0"
74;"German WWI Air Force book &quot;Der Luftkrieg&quot;";"$0"
75;"Harry Potter and the Deathly Hallows Year 7 by J. K. Rowling hardcover";"$0"
76;"The Ultimate Sex Book by Anne Hooper";"$45"
77;"The New Joy of Sex : The Gourmet Guide to Lovemaking in the &#39;90s by Al";"$45"
78;"The Art of Sensual Massage by Gordon Inkeles";"$10"
79;"Nathaniel Hawthorne Famous Old People";"$10"
80;"wpa guides to Connecticut and Rhode Island";"$5"
81;"More than 50 Little Golden Books";"$5"
82;"WHAT TO EXPECT  WHEN YOU\xe2\x80\x99RE EXPECTING";"$10"
83;"GEM DK Smithsonian Definitive Visual Guide Beautiful Book on gemstones";"$10"
84;"SIGNED Books, Stella by Starlight, Night Gardener, HS / Middle School";"$7"
85;"Math College Textbook";"$7"
86;"DICTIONARY -   RUSSIAN-ENGLISH";"$50"
87;"American Heritage Dictionary of English Language";"$50"
88;"Eloise: The Ultimate Edition";"$35"
89;"Gardening Books";"$35"
90;"Robert&#39;s Rules for Dummies - Parliamentary Procedures";"$35"
91;"HIGH SCHOOL TEST PREP BOOKS - NEW";"$35"
92;"Vintage books";"$50"
93;"Elvis by the Presleys book";"$50"
94;"The History of American Bandstand book";"$40"
95;"Days of Our Lives book";"$40"
96;"Vintage LIFE MAGAZINE Special Anniversary Issue-Fall 1986";"$50"
97;"Life Magazine JFK, NY Times 9/11, Stuyvesant High 9/11";"$50"
98;"Vintage Fortune Magazine-1938";"$50"
99;"The Saturday Evening Post-A Visit with Norman Rockwell";"$50"
100;"unique hand made pottery/artifacts/etc.";"$30"
101;"Complete Calvin and Hobbes Hardcover Set";"$30"
102;"1936 Stratford THE DOORWAY";"$100"
103;"Antique Catholic Bible 1876";"$100"
104;"Baby and toddler books for sale";"$40"
105;"14 antiquarian (vintage, antique, old) books Charles Dickens 1936";"$40"
106;"14 antiquarian (vintage, antique, old) books Charles Dickens 1936";"$40"
107;"For Next Passover - A DIFFERENT NIGHT: A Family Participation Haggadah";"$40"
108;"Antiques And The Arts Weekly (2017-2019)";"$60"
109;"500 ICE CREAMS, SORBETS + GELATOS: The Only Ice Cream Compendium . . .";"$60"
110;"Art Forum Magazine, 72 Issues CAN DELIVER";"$65"
111;"Mercury outboard repair manual";"$65"
112;"The Art Of Natori Josie Cruz Natori HC BOOK First Ed SIGNED BY AUTHOR!";"$65"
113;"LADY GAGA The New York Times Magazine The Culture Issue October 2018!";"$65"
114;"Vintage AMERICAN RIFLEMAN Magazines 1940 (COMPLETE YEAR)";"$11"
115;"CAT and DOG related AND MYSTERY BOOKS";"$11"
116;"MOTORCYCLE PERMIT CDL PERMIT EXAM GURANTEE PASSING CALL ME NOW!";"$0"
117;"step1 kaplan usmle set";"$0"
118;"Algebra 1 and Earth Science review books";"$10"
119;"The Art Of Natori Josie Cruz Natori HC BOOK First Ed SIGNED BY AUTHOR!";"$10"
120;"LADY GAGA The New York Times Magazine The Culture Issue October 2018!";"$300"
121;"Vintage AMERICAN RIFLEMAN Magazines 1940 (COMPLETE YEAR)";"$300"
122;"CAT and DOG related AND MYSTERY BOOKS";"$40"
123;"MOTORCYCLE PERMIT CDL PERMIT EXAM GURANTEE PASSING CALL ME NOW!";"$40"
124;"step1 kaplan usmle set";"$20"
125;"Algebra 1 and Earth Science review books";"$20"
126;"ROLLING STONE: THE PHOTOGRAPHS";"$250"
127;"NEW IN SEALED BOX - DESIGNED LIKE A BOOK, GLASS PAINTING CRAFT KIT";"$250"
128;"JAMES PATTERSON BOOKS - LARGE LOT - HARDCOVERS &amp; POCKETBOOKS";"$0"
129;"ELIZABETH GEORGE - 3 BOOKS";"$0"
130;"SUE GRAFTON  - 4 BOOKS";"$15"
131;"Baseball Encyclopedias All 5 1969 -2003";"$15"
132;"Ralph Lauren by Ralph Lauren, Coffee table book";"$20"
133;"Handel Messiash Barenreiter 4012b Vocal Score";"$20"
134;"50 books 15 dollars";"$10"
135;"RARE Vintage Norwegian/Danish Bible Leather Bound with gold pages 1923";"$10"
136;"Smull&#39;s Legislative Hand Book and Manual of the State of Pennsylvania";"$13"
137;"Hard-to-Find, Brand New Book on STEPHEN HAWKING";"$13"
138;"Fabulous Garden Photography -  MOMENTS IN EDEN";"$8"
139;"Cities of Destiny edited by Arnold Toynbee";"$8"
140;"The Great Wall by Luo Zewen";"$10"
141;"Olmans&#39; Guide to GOLF ANTIQUES";"$10"
142;"Rare Book on PUPI AVATI - For the Italian Film Devotee";"$25"
143;"New Boy&#39;s Passage Man&#39;s Journey DVD Study";"$25"
144;"&quot;Negotiating and Drafting Contract Boilerplate&quot; by Tina Stark";"$200"
145;"New York State Waxing Mock Exam";"$200"
146;"NEW YORK TIMES COOKBOOK, LARGE PRINT, 1971";"$3"
147;"\xe2\x9c\x94  Groves Dictionary of Music and Musicians";"$3"
148;"\xe2\x9c\x94  Groves Dictionary of Music and Musicians";"$50"
149;"\xe2\x9c\x94  Groves Dictionary of Music and Musicians";"$50"
150;"\xe2\x9c\x94  Groves Dictionary of Music and Musicians";"$5"
151;"\xe2\x9c\x94  Groves Dictionary of Music and Musicians";"$5"
152;"3 Classic Baseball Books Hardcover";"$12"
153;"Wall Street 1929 Crash Era stock certificates (Blue)";"$12"
154;"CDL MOTORCYCL DRIVING PERMIT EXAM GURANTEE PASSING CALL ME NOW";"$10"
155;"Wall Street 1929 Crash Era stock certificates (Red)";"$10"
156;"Wall Street 1929 Crash Era stock certificates (Blue)";"$5"
157;"Wall Street 1929 Crash Era stock certificates (Red)";"$5"
158;"Wall Street 1929 Crash Era stock certificates (Red)";"$300"
159;"Wall Street 1929 Crash Era stock certificates (Blue)";"$20"
160;"Wall Street 1929 Crash Era stock certificates (Red)";"$80"
161;"Wall Street 1929 Crash Era stock certificates (Blue)";"$80"
162;"Wall Street 1929 Crash Era stock certificates (Red)";"$5"
163;"Wall Street 1929 Crash Era stock certificates (Blue)";"$5"
164;"Wall Street 1929 Crash Era stock certificates (Red)";"$20"
165;"9 Major Law Books 1st Amendment, Civil Rights";"$20"
166;"Wall Street 1929 Crash Era stock certificates (Blue)";"$75"
167;"Learn French and French Literary Books";"$75"
168;"Wall Street 1929 Crash Era stock certificates (Blue)";"$20"
169;"Wall Street 1929 Crash Era stock certificates (Red)";"$20"
170;"Jewels of Stringology 1st Edition";"$13"
171;"Paying the Professoriate: A Global Comparison of Compensation and Cont";"$13"
172;"Algorithms on Strings 1st Edition - by Maxime Crochemore, Christophe H";"$20"
173;"Norwegian author Knausgaard&#39;s MY STRUGGLE- Books 1 to 5";"$20"
174;"Three Stooges";"$15"
175;"SCAVULLO 1948-1984 FIRST EDITION";"$15"
176;"Books and Textbooks for Sell";"$5"
177;"Grandma Moses by Otto Kallir";"$5"
178;"10 novels $1 each";"$5"
179;"\xe2\x80\x98Down in the Garden\xe2\x80\x99 table book";"$5"
180;"Art and other books";"$5"
181;"signed Helen Vita &quot;Song Buch&quot; German risque song book";"$5"
182;"We buy used textbooks and academic books. Sell any time.";"$1"
183;"The Dot And The Line: A Romance In Lower Mathe (Norton Juster - 1964)";"$5"
184;"Magic book";"$5"
185;"Jaquiline Onasis Art Book before Kennedy";"$5"
186;"The Complete Guide of the TOEFL Test";"$5"
187;"Very Rare *The Bobbsey Twins Book no1 1950, Laura Lee Hope";"$5"
188;"\xe2\x9c\x94  Groves Dictionary of Music and Musicians";"$5"
189;"\xe2\x9c\x94  Groves Dictionary of Music and Musicians";"$50"
190;"Very Rare *The Bobbsey Twins Book no1 1950, Laura Lee Hope";"$50"
191;"\xe2\x9c\x94  Groves Dictionary of Music and Musicians";"$25"
192;"\xe2\x9c\x94  Groves Dictionary of Music and Musicians";"$25"
193;"\xe2\x9c\x94  Groves Dictionary of Music and Musicians";"$45"
194;"Very Rare *The Bobbsey Twins Book no1 1950, Laura Lee Hope";"$45"
195;"New in box 18vol complet set";"$50"
196;"The Third Avenue El Demolition in the Bronx - Tremont to Gun Hill";"$50"
197;"The Third Avenue El Demolition in the Bronx-149th St. to Tremont Ave.";"$0"
198;"More Third Avenue El Demolition in the Bronx Volume 1";"$0"
199;"Cookbooks";"$30"
200;"BCW Comic Bin";"$30"
201;"UpScale Thrift store NEW 30,000 years of Art";"$30"
202;"Colour Science by Wilhelm Ostwald";"$30"
203;"Christmas Cookbooks &amp; Christmas Music CD";"$850"
204;"Kawanzaa Eric Y. Copage";"$850"
205;"Soap Opera Digest signed Les Brandtl";"$2"
206;"hebrew books seforim";"$100"
207;"More Variety Than Barnes &amp; Noble.....Cheaper Too!";"$100"
208;"Lots of books";"$100"
209;"playboy collection";"$100"
210;"books, magazine, see below";"$10"
211;"THE DESCENT OF MAN by CHARLES DARWIN, 1874";"$10"
212;"The Paris Review Spring 2013";"$1"
213;"danielle steel novels for sale";"$1"
214;"Bassplayer magazines for sale";"$5"
215;"music books for sale";"$5"
216;"ARTS &amp; ARCHITECTURE 1950";"$175"
217;"&quot;STREET SKETCH BOOK&quot;";"$175"
218;"Old Illustrated Childrens Books";"$20"
219;"Old Books";"$20"
220;"German Language Books";"$50"
221;"CDL MOTORCYCLE DRIVING EXAM!";"$50"
222;"CDL QUESTIONS AND ANSWERS CDL MOTORCYCLE DRIVING PERMIT EXAM";"$15"
223;"CDL QUESTIONS AND ANSWERS CDL MOTORCYCLE DRIVING PERMIT EXAM";"$15"
224;"CDL MOTORCYCL DRIVING PERMIT EXAM GURANTEE PASSING CALL ME NOW";"$45"
225;"New German Cinema - Herzog, Fassbinder, Wenders and Schlondorff";"$45"
226;"1949 The Giant Picture Dictionary for Boys and Girls";"$0"
227;"MacMillan&#39;s Pocket American and English Classics -Old Books 1905";"$0"
228;"Doggie bags";"$25"
229;"Webster&#39;s New World Dictionary of American English,hardcover,college";"$0"
230;"1937 - The Complete Works of William Shakespeare";"$15"
231;"Huge selection of classical books and LPs";"$15"
232;"1947 Famous Myths of the Golden Age";"$50"
233;"Outlander (new paperback) copy) by Diana Gabaldon";"$50"
234;"Collectible19th and 20th Century Books";"$15"
235;"The Goldfinch by Donna Tartt (Hardcover)";"$15"
236;"1947 Famous Myths of the Golden Age";"$45"
237;"Collection of 4 Bridal Magazines from 2002-2003";"$45"
238;"The Original Golf School Way by Jay Morelli &amp; Jim Reichert";"$0"
239;"Gauguin by Rene Huyghe";"$0"
240;"A Natural History of American Birds of Eastern &amp; Central North America";"$25"
241;"Period Details Book";"$0"
242;"Monet by St\xc3\xa9phanie Gr\xc3\xa9goire";"$15"
243;"1973 Edition of Beard on Bread";"$15"
244;"The New Manners for the 90s";"$10"
245;"The Rise of Fashion and Lesson Learned at Bergdorf Goodman";"$10"
246;"Stories of Boccaccio (The Decameron)";"$10"
247;"United States Supreme Court Reports Volume 2-26";"$10"
248;"Fine Homebuilding Magazines &amp; Books";"$14"
249;"Huge lot vintage books mostly 60s with jackets";"$14"
250;"Podiatry books";"$5"
251;"books by Freud and Deepening the Treatment by Jane S. Hall";"$5"
252;"College Textbooks Biochemistry, Microbiology,Psychology";"$6"
253;"MAFALDA IN FRENCH (unabridged)";"$6"
254;"Uptown Study";"$125"
255;"GMAT Manhattan Prep Plus Extras!";"$125"
256;"MAFALDA IN FRENCH (unabridged)";"$75"
257;"NYTEST PREP Reading and Writing Common Core Workbook Grade 7 - Prep";"$75"
258;"Mahogany Wood Magazine File";"$10"
259;"9 Audio Books";"$10"
260;"Vintage Gay Smut Wanted";"$15"
261;"Enjoy Some Good Reading";"$15"
262;"The Hero with a Thousand Faces";"$35"
263;"King James Study Bible";"$35"
264;"Best Deal On Brand New Books  all the books;  unless soled , all for";"$45"
265;"Auto Repair Manual";"$45"
266;"SHIPPING AVAILABLE! DECORATIVE HARDCOVER THREE BLIND MICEAULETTA";"$35"
267;"Mevlana C Rumi (New) Divan-i Kebir in English";"$35"
268;"Home Money Making Guides";"$10"
269;"Amazon Bookseller Selling 70k Books !!!";"$10"
270;"Fairyopolis: A Flower Fairies Journal Hardcover";"$11"
271;"Atlas of Technics in Surgery, 2 volumes";"$11"
272;"24 ORIGINAL COMICS";"$11"
273;"LOT OF POLITICAL BOOKS";"$11"
274;"BILL O&#39;REILLY - 3 BOOKS";"$0"
275;"Books $1.00 and Up!;  Miscellaneous";"$0"
276;"Raga Mala, The Autobiography of Ravi Shankar, signed #1644 of 2000";"$30"
277;"Rachael Ray &amp; everyday FOOD";"$32"
278;"Most revealing book on Donald Trump yet";"$32"
279;"New Book Diego Rivera Murals for The Museum of Modern Art";"$200"
280;"Tiny Food Party Cookbook New";"$200"
281;"LIFE MAGAZINE--REMEMBERING AUDREY 20 YEARS LATER";"$10"
282;"The Tibetan Book of the Dead";"$8"
283;"UFFIZI GALLERY book is written in German";"$8"
284;"THE GREATEST STORY EVER TOLD---BABE &amp; JACKIE--brand new, author signed";"$30"
285;"LOOK MAGAZINE WORLD&#39;S FAIR 1965";"$30"
286;"DICTIONARY OF THE KHAZARS";"$30"
287;"Dental Decks Part 1 2015-2016";"$30"
288;"ART TREASURES in FLORENCE MUSEUMS CHURCHES PALACES";"$30"
289;"The Films of Charlie Chaplin";"$30"
290;"WEBSTERS NEW UNIVERSAL ENCYCLOPEDIA";"$30"
291;"ART TREASURES in FLORENCE MUSEUMS CHURCHES PALACES";"$30"
292;"The Reckoning by John Grisham";"$30"
293;"Alive by Piers Paul Read,  Miracle in the Andes by Nandi Parrado";"$30"
294;"Harry Potter hard cover";"$5"
295;"MODIGLIANI by JEFFREY MEYERS";"$5"
296;"Bedtime Lullaby hardcover book w/cd";"$10"
297;"The Makings of Me";"$10"
298;"Twilight Saga Box Collection";"$25"
299;"HENRI MATISSE: A RETROSPECTIVE---TOTALLY UNUSED COPY";"$25"
300;"Books:Harry Potter, Dork diaries, rainbow magic and more";"$10"
301;"Richard Avedon, James Baldwin / Nothing Personal, 1st Edition (1964)";"$10"
302;"Automotive Magazines";"$10"
303;"ATARI MANUELS &amp; BOOKS";"$10"
304;"BINDING COMBS FOR BOOKS";"$10"
305;"One upon a time a record store had a magazine...";"$10"
306;"Books";"$10"
307;"Children Education Success";"$10"
308;"1947 Famous Myths of the Golden Age";"$10"
309;"Final 4 Issues of Metropolitan Home Magazine";"$10"
310;"The Goldfinch by Donna Tartt (Hardcover)";"$10"
311;"Sonography Textbooks";"$10"
312;"Psychic readings by Diane";"$10"
313;"2 Dog Man Books by Dav Pilkey";"$10"
314;"Wonder Book by Palacio";"$10"
315;"Harry Potter  and the Deathly Hallows Book";"$10"
316;"2 Diary of a  Wimpy Kid Books";"$10"
317;"Back, Neck, Disc and Nerve Pain Treatment";"$10"
318;"Back, Neck, Disc and Nerve Pain Treatment";"$10"
319;"IELTS General Training study books";"$10"
320;"Like NEW/PRISTINE James Patterson Hard Cover Books";"$15"
321;"Like NEW/PRISTINE Nicholas Sparks Hard Cover Books -";"$15"
322;"Audio book \xe2\x80\x9cJOHN ADAMS \xe2\x80\x9c";"$10"
323;"DK Dorling Kindersley Publishing Pockets English Dictionary Book";"$10"
324;"The Artists Colony, Safad";"$10"
325;"Frank Sinatra Book, Tribute Magazine";"$10"
326;"The Artists Colony, Safad";"$10"
327;"Gone With Wind- Scarlett Fever";"$10"
328;"Antique Music Books - The Beauties of Handel in 2 vol-1805";"$10"
329;"Life The Beatles";"$10"
330;"Addi";"$138"
331;"Jacques Pepin Hardcover Book - Brand New -";"$138"
332;"Magazines from 20s to the 50s";"$29"
333;"GRE test Books";"$29"
334;"Dog food";"$119"
335;"Transcontinental Railroad Surveys";"$119"
336;"The American Heritage Spanish English Dictionary Book";"$10"
337;"Cook and Education Books for Sale, $50 for the Lot";"$10"
338;"Elvis: The Sun Years";"$75"
339;"A SCHOOL BUS DRIVER OF BROWARD FLORIDA PUBLIC SCHOOL TRANSPORTATION S";"$75"
340;"Teaching Your Baby to Sign books Set of 4";"$20"
341;"The Inner World of Jimi Hendrix";"$20"
342;"Barron\xe2\x80\x99s AP Books";"$1"
343;"Off The Record: An Oral History of Popular Music";"$1"
344;"Brand New Berlin tour book &amp; German phrasebook/dictionary";"$15"
345;"Rihanna visual autobiography";"$15"
346;"Car Magazine Collection, 1000&#39;s. 1970&#39;s - Present!";"$1"
347;"24 ORIGINAL COMICS";"$1"
348;"Iyengar Books and DVDs";"$5"
349;"\xe2\x9c\xaa ADOLF HITLER: MEIN KAMPF (Very Rare 1942 Edition) \xe2\x9c\xaa";"$5"
350;"Big Sale on Books; different subjects; $1.00 and Up";"$1"
351;"Purple magazine french fashion magazines for sale (9 issues)";"$1"
352;"Study Hard for the SAT";"$55"
353;"Luke Smalley - Exercise at Home (2007, Hardcover)";"$55"
354;"Add-E";"$0"
355;"The Reckoning by John Grisham";"$0"
356;"Sweet&#39;s General Building; Renovation Catalog File";"$25"
357;"Ultimate Garages";"$25"
358;"Books: The Emergence of Man Series";"$20"
359;"Vintage Childcraft Series-15 Volumes";"$20"
360;"Diana: Unseen Archives";"$23"
361;"Books: HALO and Mass Effect";"$23"
362;"KAPLAN OPTOMETRY ADMISSION TEST OAT 2015 STRATEGIES PRACTICE TEST PREP";"$20"
363;"Like new, 23 kids book for $40";"$20"
364;"Diana: Unseen Archives";"$15"
365;"JOHN RAWLINGS: 30 Years in Vogue";"$15"
366;"Book Lot";"$30"
367;"Books - All Kinds";"$30"
368;"Collection of Books: The Doors &amp; Jim Morrison - 16";"$30"
369;"Korean Russian language study";"$30"
370;"1953 Russian Book by IVAN SOLONEVICH";"$15"
371;"A Thousand Words Susan Page Davis Published by Guideposts, 2013";"$15"
372;"Persian Art And Design Influences Vintage 1948 Publication";"$30"
373;"Books about Countries";"$30"
374;"Padi book OW &amp; Dive Planner";"$30"
375;"Book - &quot;On Fertile Ground&quot;";"$30"
376;"Rare Luigi Fusi Alfa Romeo";"$30"
377;"Encyclopedia Britannica 14th Edition 1966 21 Volumes Red L";"$30"
378;"FULL Bar Test Prep Textbooks by BARBRI";"$15"
379;"French dictionary and French Thesaurus";"$15"
380;"Brand New--PIERRE BONNARD EARLY &amp; LATE--TOTALLY UNUSED COPY";"$180"
381;"STC Series 63 Study Guide New";"$180"
382;"Barack Obama - The Audacity of Hope";"$30"
383;"STC Series 79 Study Guide NEW";"$30"
384;"STC Series 7 guide NEW";"$30"
385;"ORIGAMI - MYTHOLOGICAL CREATURES and the CHINESE ZODIAC";"$30"
386;"Max Ernst: Beyond Surrealism: A Retrospective  of the Artist";"$30"
387;"When Genius Failed by Roger Lowenstein";"$30"
388;"Dangerous Company by O&#39;Shea and Madigan";"$0"
389;"BEHIND THE GLASS: Top Record Producers Tell How They Craft the Hitsp";"$15"
390;"Art Forum Magazine, 72 Issues CAN DELIVER";"$15"
391;"What to Do When You&#39;re Dating a Jew";"$0"
392;"Robert Holden, Ph.D. - Happiness Now";"$0"
393;"The Best of Skillpath Cassettes";"$5"
394;"Anthony Robbins - Get The Edge";"$5"
395;"1619 project MAGAZINE. 10 copies left!!";"$10"
396;"Two Dilbert books";"$10"
397;"Wiley CMAexcel Learning System Exam Review 2016 and Online Intensive R";"$5"
398;"Wiley CMAexcel Learning System Exam Review 2016 and Online Intensive R";"$5"
399;"OLD BOOKS";"$0"
400;"ACHIEVEMENT IN PHOTO-ENGRAVING";"$0"
401;"J. D. ROBB BOX SET (In Death series)";"$0"
402;"GUY BOURDIN - Sighs and Whispers";"$0"
403;"THE BEST OF BILLY JOEL- EASY PIANO BOOK";"$0"
404;"Il Decameron";"$0"
405;"The Norton Anthology of Drama (Shorter Second Edition) 2nd Edition";"$100"
406;"Understanding Psychology Albert A. Maisto and Charles G. Morris US 10t";"$100"
407;"NEW-BILLY JOEL- EASY PIANO COLLECTION- NEW";"$100"
408;"Developmental Psychology: Life-Span Human Development 7th edit";"$100"
409;"LADY GAGA- PIANO SOLO- 12 FAVORITES";"$0"
410;"Christopher Paolini New First Editions Brisingr and Eldest Hard Cover";"$0"
411;"PAT BENATAR GREATEST HITS- FOR PIANO/ VOCAL/ GUITAR";"$19"
412;"Life and Letters of St.Paul";"$5"
413;"La Divina Comedia";"$5"
414;"Chinese Brush Painting Workstation Book - Brand New";"$30"
415;"Dore Gallery";"$30"
416;"The History of Herodotus";"$30"
417;"Camera Arts magazine - early editions";"$30"
418;"Vintage German Berthold Auerbach-Barf\xc3\xbc\xc3\x9fele (Barefoot)  1940&#39;s";"$30"
419;"Gerald Durrell set of 3 Vintage Books 70&#39;s";"$30"
420;"The Mammoth Book of Historical and More Whodunnits  Ellis Peters";"$15"
421;"Mrs. Caldwell&#39;s Cook Book Hardcover - 1925";"$15"
422;"North By Northeast - Ellis Ray and Walter Cronkite 1986";"$5"
423;"RARE Howard Pyle: The Artist and His Legacy Delaware Art Museum";"$5"
424;"Isak Dinesen WINTER&#39;S TALES, LAST TALES (First Vintage Books Ed.)";"$0"
425;"unique hand made pottery/artifacts/etc.";"$0"
426;"The Italian Vest Pocket Dictionary by Robert Hall jr. 1957";"$0"
427;"Rare! BOOK OF SAUCES by Senn, C. Herman 1915";"$20"
428;"The Collected Tales of Pierre Louys";"$20"
429;"Murs et Toits-Pour Les Pays De Chez Nous";"$25"
430;"New and Collected Poems by Archibald MacLeish";"$25"
431;"Orlando Furioso";"$25"
432;"L\xe2\x80\x99Ornement Polychrome";"$25"
433;"Picturesque Egypt";"$25"
434;"Picturesque Palestine";"$25"
435;"Silva - A Discourse on Trees";"$3"
436;"The Life of Jesus Christ";"$3"
437;"I Rise In Flame Cried The Phoenix.";"$25"
438;"Turner Gallery";"$25"
439;"Petite Edifices Historic";"$125"
440;"NANCY DREW MYSTERY BOOKS";"$125"
441;"Spain";"$0"
442;"Collins Gem Spanish Dictionary,  HarperCollins 2000";"$5"
443;"Details of Gothic Architecture";"$5"
444;"A HANDBOOK OF MUSICAL KNOWLEDGE, PART 1: RUDIMENTS OF MUSIC";"$30"
445;"Set of 3 Business Marketing Research Books 1961-1972 RARE";"$30"
446;"Dictionaries De L\xe2\x80\x99Ameublement";"$1"
447;"The Vatican-Its History and Treasures";"$1"
448;"The Art Journal";"$20"
449;"Petersburg  Andrei Bely, Robert Maguire, John E. Malmstad 1978";"$20"
450;"Tales of Mystery and Imagination";"$5"
451;"1950&#39;s Italian cookbooks";"$5"
452;"Moby  Dick";"$0"
453;"John F. Kennedy books";"$0"
454;"Pet Tisic Let Sklarskeho Dila";"$13"
455;"Tabular Anatomicae ( De Formato Foetu Tabulae )";"$13"
456;"Missae In Agenda Defunctorum Tantum Deferventes Ex Missali Romano";"$20"
457;"Don Quixote of La Mancha";"$20"
458;"Ranch Life and The Hunting Trail";"$16"
459;"Schiller Gallery";"$16"
460;"The U.S. Army and Navy 1776-1899";"$29"
461;"Masterpieces of French Art";"$29"
462;"The Rudolph Kann Collection";"$29"
463;"Heavy Horses/Light Horses";"$29"
464;"Not Even My Name / Thea Halo Picador USA, New York, 2000 1st Ed";"$35"
465;"Jupiter by  Seymour Simon 1985 Images";"$35"
466;"The Picturesque Mediterranean";"$19"
467;"Birds of America";"$19"
468;"Picturesque America";"$9"
469;"Voyages and Travels(or Scenes From Many Lands )";"$9"
470;"Dante\xe2\x80\x99s Inferno";"$33"
471;"Witcher books (five books) by Andrzej Sapkowski";"$33"
472;"New Zealand";"$4"
473;"In Cold Blood";"$4"
474;"NANA";"$4"
475;"Science Fiction &amp; Star Trek Books";"$4"
476;"Nikolai Dante 2000AD vol one + two for $8";"$25"
477;"The Automobile Quarterly";"$25"
478;"Farbiges Ornament";"$175"
479;"The Jerusalem Windows";"$175"
480;"The Botanic Garden";"$2"
481;"Harrison\xe2\x80\x99s \xe2\x80\x9cThe Floricultural Cabinet and Florists Magazine\xe2\x80\x9d";"$2"
482;"Curtis\xe2\x80\x99 Botanical Magazine or Flower Garden Displayed.";"$25"
483;"MOVIE MAGAZINES MONSTER AND MAINSTREAM,FILM BOOKS ,ROLLING STONE";"$25"
484;"VISIONAIRE No. 16 Calendar Issue, 1996";"$350"
485;"8 Original Hard-Cover Editions of &quot;The Best of Gourmet&quot; 1994-2000";"$5"
486;"Woolgathering, SIGNED by Patti Smith (first edition)";"$5"
487;"Barrons Regents and Answers Math A Paperback Book";"$40"
488;"Heath Foundations of Sequential Mathematics Math Hardcover Textbook";"$40"
489;"Barron Regents Exam and Answers US History Government Book";"$25"
490;"The Oxford American Desk Dictionary and Thesaurus Second Edition Book";"$25"
491;"ARCHITECTURE STUDY MATERIAL, o/b/o";"$0"
492;"The Living Environment Biology Science Subject Amsco School Book";"$0"
493;"Basic Technical Mathematics Seventh 7th Edition Hardcover Textbook";"$60"
494;"BOOKS: CHILD REARING/GAMES crafts HOBBIES needlework HORTICULTURE more";"$60"
495;"BOOKS 2: COOKBOOKS decorate. collect.antique STAR TREK/WARS explore NY";"$25"
496;"BOOKS 1: ART folklore NEW YORKER. FEIFFER. STEIG cinema/Oscars ISRAEL";"$25"
497;"Random House Webster Pocket American Dictionary Book";"$10"
498;"MCAT books";"$10"
499;"HELP WITH WRITING/ READING";"$5"
500;"1952 BOOK NURSES HANDBOOK OF OBSTETRICS J.B. LIPPINCOTT";"$5"
501;"NicholasWinton&#39;s Lottery of Life";"$50"
502;"Jewish Books/Judaica";"$50"
503;"HOME UNIVERSITY CHILDREN BOOK SET";"$100"
504;"Baseball Encyclopedias All 5 1969 -2003";"$100"
505;"One Body NIV January 2013 Religion Christian Bible Time Book";"$0"
506;"War military book collection";"$0"
507;"Antonin Artaud, Jack Hirschman / Artaud Anthology 1965 Second revised";"$12"
508;"Chicago Review, Autumn 1958 - Naked Lunch, Chapter 2 -";"$12"
509;"allen ginsberg poetry books from the 60&#39;s";"$35"
510;"One Hundred Famous Views of Edo (Japanese Woodblock Prints)";"$35"
511;"James Dean Collector&#39;s";"$30"
512;"Leonardo DaVinci on the Human Body &amp;Artistic Anatomy";"$30"
513;"Horse Books - New and Antique";"$1"
514;"The New Encyclopaedia Britanica";"$1"
515;"1978.5 to 1981 AMF Harley Davidson Factory service manual";"$10"
516;"Alive by Piers Paul Read,  Miracle in the Andes by Nandi Parrado";"$10"
517;"ART TREASURES in FLORENCE MUSEUMS CHURCHES PALACES";"$16"
518;"FRAMED FLOWER ART";"$16"
519;"EYEWITNESS PARIS, EYEWITNESS BARCELONA";"$55"
520;"LEARNING FUNCTIONAL WORDS &amp; PHRASES FOR EVERYDAY LIVING";"$55"
521;"RENOIR Life and Works purchased in National Gallery London";"$100"
522;"Rival Crockpot Cooking hardcovered cookbook";"$12"
523;"NicholasWinton&#39;s Lottery of Life";"$12"
524;"JEWISH AS A SECOND LANGUAGE by MOLLY KATZ";"$20"
525;"MODIGLIANI by JEFFREY MEYERS";"$20"
526;"Original! Outlander Series of Books - Diana Gabaldon + 3 bonuses!";"$20"
527;"GREAT JEWS IN SPORTS by Robert Slater";"$20"
528;"The Sinatra Treasures Book and Cd";"$8"
529;"The Reckoning by John Grisham";"$8"
530;"NicholasWinton&#39;s Lottery of Life";"$6"
531;"Brand New--PIERRE BONNARD EARLY &amp; LATE--TOTALLY UNUSED COPY";"$6"
532;"WEBSTERS NEW UNIVERSAL ENCYCLOPEDIA";"$1"
533;"MODIGLIANI by JEFFREY MEYERS";"$1"
534;"Microeconomics, Economics, Macroeconomics, Finance, GRE, Algebra etc.";"$775"
535;"*One Life to Live* soap opera commemorative magazine";"$775"
536;"Windows XP for Dummies";"$12"
537;"LARGE LOT OF COOKBOOKS";"$12"
538;"5 Vintage Stephen King Paperbacks in G, VG, Like New Conditions";"$20"
539;"18 Children&#39;s Books to Learn Russian and 1 Polish Lang Child&#39;s Book";"$20"
540;"LEARN CHINESE CHARACTERS Collection of 20+ Books - Adult or Child!";"$10"
541;"4 Collectible James Patterson Trade Paperback Publisher Advance Proofs";"$10"
542;"Collection of 12 Different Vintage Calvin and Hobbes Cartoon Books!";"$8"
543;"6 Diary of A Wimpy Kid Hardcover Books Like New!";"$8"
544;"34 Vintage Knitting Magazines and Catalogs 1950s - 1970s SEE PICS!";"$20"
545;"6 Vintage 1991 Mad Magazines SEE PICS";"$20"
546;"CSS for Babies (Code Babies) Board book";"$4"
547;"Baruch Book Moving business forward";"$4"
548;"Dark Hearts - Village by the Ocean, by Shanaga Brown";"$5"
549;"&quot;Negotiating and Drafting Contract Boilerplate&quot; by Tina Stark";"$15"
550;"DISNEY Magical Stories large gift box set fairy tales and childrens";"$15"
551;"Decorative Floors of Venice";"$21"
552;"Columbia University alumni directory, 2014";"$300"
553;"Old Medical Books";"$300"
554;"PAPERBACK BOOKS";"$20"
555;"Alexander Hamilton Institute 1955 Modern Buisness set of 22";"$20"
556;"Rare Books - Vast Collection";"$20"
557;"Zohar - full set of 23 volumes";"$20"
558;"MLA Handbook for Writers of Research Papers";"$10"
559;"MLA Handbook for Writers of Research Papers";"$20"
560;"MLA Handbook for Writers of Research Papers";"$20"
561;"mickey mantle @ roger maris     books";"$10"
562;"MUSIC BUSINESS HANDBOOK AND CAREER GUIDE 8th ED";"$5"
563;"Ansel Adams American West &amp; The Mural Project";"$5"
564;"Whales, A Celebration Hardcover";"$10"
565;"Whales, A Celebration Hardcover";"$10"
566;"ATLAS of the world (2) books";"$15"
567;"World War II  (3) books";"$5"
568;"War Books (3)";"$5"
569;"2 Back Issues of W Magazine (Kate Moss Superstar) Sep. 2003 - $60 OBO";"$10"
570;"Big Magazine for sale: $10 each";"$10"
571;"Medicine Guidebook, Aromatherapy Glossary";"$30"
572;"American Art Nouveau";"$30"
573;"Emerald Gems - Links of Ireland &#39;02";"$35"
574;"Never Trust a Skinny Italian Chef Book";"$35"
575;"1975 Madison High School Year Book ~ Alembic";"$50"
576;"The Art and Life of Luigi Lucioni HC Book";"$50"
577;"The Year In Sports: 1958 Edition";"$195"
578;"Elton John &amp; Bernie Taupin: The Complete Lyrics";"$195"
579;"How To Play Baseball";"$100"
580;"Baseball: An Informal History";"$100"
581;"GMAT Manhattan Prep 6th Edition";"$10"
582;"Books For Sale;  $1.00 and Up!";"$10"
583;"Sale Sale  Books; $1.00 and Up!";"$30"
584;"Windows 7 Ultimate 32-64 Bit";"$30"
585;"OPRAH: LIVE YOUR BEST LIFE [NEW]";"$1"
586;"Over 50 books for children -  like new";"$1"
587;"Playboy magazines for sale 60s - 80s";"$8"
588;"Fiction paperback Collection 4 Sale";"$8"
589;"2018 Schweser CFA Level 3: 5 Books + 1 Volume with Practical Exams";"$20"
590;"2016 Schweser CFA Level 3: 5 Books + 2 Volumes of Practical Exams";"$20"
591;"The Department of Justice Manual";"$0"
592;"3 working stick umbrellas";"$0"
593;"Stories of Boccaccio (The Decameron)";"$13"
594;"Collectible19th and 20th Century Books";"$13"
595;"SCAVULLO 1948-1984 FIRST EDITION";"$0"
596;"The Goldfinch by Donna Tartt (Hardcover)";"$0"
597;"Phonics and Reading Workbooks";"$40"
598;"Stories of Boccaccio (The Decameron)";"$40"
599;"Poems by Felicia Hemans with an Essay on Her Genius by H.T. Tuckerman";"$5"
600;"1947 Famous Myths of the Golden Age";"$5"
601;"Collectible19th and 20th Century Books";"$5"
602;"1969 Teaching as a Subversive Activity by Postman &amp; Weingartner";"$5"
603;"Phonics and Reading Workbooks";"$7"
604;"1969 Teaching as a Subversive Activity by Postman &amp; Weingartner";"$7"
605;"Cookbook Moving Sale Kinfolk Table Sunday Suppers";"$5"
606;"VOGUE, W, THE FACE, HARPER&#39;S, SPIN, VIBE, TINTIN";"$5"
607;"Household Hints &amp; Handy Tips";"$0"
608;"Al Capone Bio";"$0"
609;"The Great Big Giant Book of Ziggy";"$0"
610;"The New Munsell Student Color Set 2nd Edition";"$0"
611;"MASSIVE MODERN COMIC BOOK SALE";"$20"
612;"MASSIVE MODERN COMIC BOOK SALE";"$20"
613;"MASSIVE MODERN COMIC BOOK SALE";"$5"
614;"THE MINIMALIST HOME: Purging Decluttering Editing Organizing Zen";"$5"
615;"Signed John Major Autobiography 1st Edition";"$5"
616;"Accurate Stubs Paperwork and Books for Dummies";"$5"
617;"Books Available Like New: Comickers magazine, Batman Begins,  MGS4";"$15"
618;"The Princeton Review SAT &amp; PSAT and Manual for the SAT";"$15"
619;"PowerScore LSAT Bible Trilogy and 4 books of practice tests";"$10"
620;"unique hand made pottery/artifacts/etc.";"$5"
621;"Great Books of the Western World";"$5"
622;"CFA Official 2016 level 1 books + extra";"$4"
623;"2018 Kaplan CFA Level 1 Study Books + Flash Cards &amp; Practice Exams";"$4"
624;"The Concerts by Laurie Lewis (large book of photos)";"$5"
625;"The Songs of John Lennon paperback book like new";"$5"
626;"Clinton books Hillary and Bill";"$10"
627;"Old Count Monte Cristo;  2 Art Volumes 1876-1877";"$10"
628;"~~ CHILDRENS BOOKS #1 ~~";"$250"
629;"~~ CHILDRENS BOOKS #2 ~~";"$250"
630;"~~ CHILDRENS BOOKS #4~~";"$20"
631;"~~ CHILDRENS BOOKS #3 ~~";"$20"
632;"MY MELODY -- &quot;The Musical&quot; A Musical/Romance Novel";"$0"
633;"Google notebook notepad";"$8"
634;"Google Women Techmakers Notebook Notepad Journal Book Soft Cover Brown";"$8"
635;"Google Women Techmakers Notebook Notepad Journal Book Leather Hardcove";"$11111111"
636;"Google Women Techmakers Notebook Notepad Journal Book Soft Cover Brown";"$11111111"
637;"Google Women Techmakers Notebook Notepad Journal Book Leather Hardcove";"$50"
638;"Tools of Titans: The Tactics, Routines, and Habits of Billionaires, Ic";"$50"
639;"Google Women Techmakers Notebook Notepad Journal Book Leather Hardcove";"$0"
640;"Playboy magazine&#39;s";"$1000"
641;"Antique Books";"$1000"
642;"Santa Claus Tells the True Meaning of Christmas";"$10"
643;"Antique Books";"$50"
644;"26 Vintage Joe Weiders Flex Magazines &amp; Schwarzenegger bodybuilding";"$50"
645;"Karl Rove Autographed Book: Courage and Consequence";"$10"
646;"Antique Books";"$10"
647;"The Stan Lee Story signed";"$16"
648;"Book Set: Pictorial History of the Second World War";"$16"
649;"2 Art Volumes, Old Count of Monte Cristo";"$12"
650;"VINTAGE COOK BOOKS";"$12"
651;"MORE NON-FICTION BOOKS - take a look!";"$20"
652;"RARE VINTAGE BOOKS - HARD COVERS";"$20"
653;"ARCHAEOLOGY AND BIBLICAL ARCHAEOLOGY REVIEW";"$5"
654;"VINCE FLYNN BOOKS";"$5"
655;"COLLECTION OF LOOK MAGAZINES";"$5"
656;"LIFE MAGAZINES -  WAR BONDS APPEAL 1945 and other collectible issues";"$5"
657;"Feng Shui deck";"$10"
658;"INVENTORY LIQUIDATION - THOUSANDS OF NEW BOOKS";"$10"
659;"LOBOTOMY: Surviving the Ramones";"$139"
660;"Value Tales Johnson lot 14 vintage character building homeschool books";"$139"
661;"ST JOHN\xe2\x80\x99S BIBLE:PSALMS";"$0"
662;"ST JOHN\xe2\x80\x99S BIBLE: PSALMS";"$0"
663;"Arthur Rackham Illustrated books";"$20"
664;"Solution Key for Algebra and Trigonometry: Structure and Method: Book";"$20"
665;"90s playboy";"$100"
666;"Vintage Betty Crocker&#39;s Collection of Books - Mint";"$80"
667;"Book on Near Death Experiences (pdf is free)";"$80"
668;"Don\xe2\x80\x99t sweat the small stuff for teens";"$1"
669;"Counseling and psychology related textbooks and books";"$1"
670;"FUNK &amp; WAGNALLS INTERNATIONAL DICTIONARY";"$680"
671;"Vintage Easton Press Book - The Hunchback Of Notre Dame - Sealed New!";"$680"
672;"33 Vintage Playboy Hustler Penthouse Magazines 1970&#39;s";"$0"
673;"Chevelle Owners Manual";"$245"
674;"1964 Chrysler Imperial Manuals";"$245"
675;"Saturday Evening Post 1942";"$0"
676;"Modern Refrigeration and Air Conditioning";"$10"
677;"Jurassic Park";"$500"
678;"Standard Auto-Electronics Manual";"$500"
679;"Hot Rodding Engine Annual 1964";"$15"
680;"Petersen&#39;s Chassis Manual";"$15"
681;"New York (City) - THE PHOTO ATLAS";"$10"
682;"Edelbrock 1975 Catalog";"$10"
683;"Auto Manual";"$100"
684;"Chiltons";"$100"
685;"Bible Catholic Action Edition 1953";"$15"
686;"SHSAT (new York City) The Tutorverse";"$15"
687;"Living, Cooking and Shopping In Provence, France";"$100"
688;"Listen To This Second Edition By Mark Evan Bonds";"$100"
689;"1949 - Gulliver&#39;s Travels - Johnathan Swift";"$5"
690;"Poems to Read and Learn (1955) from My Weekly Reader";"$5"
691;"Chuck Berry: The Autobiography";"$40"
692;"American Sports Heroes of Today";"$40"
693;"Saturday Night Live";"$15"
694;"24 ORIGINAL COMICS";"$15"
695;"Napoleon III &amp; Eugenie: Opulence &amp; Splendor of France&#39;s Second Empire";"$25"
696;"Les Mis &amp; Thoroughly Modern Millie";"$25"
697;"Vocals from Man of LaMancha plus..";"$1"
698;"CATS: Souvenir Program";"$1"
699;"Bookshelves for sale!";"$3"
700;"Cases in Leadership (The Ivey Casebook Series)";"$3"
701;"I Never Knew I Had A Choice 9th Edition";"$70"
702;"Patrick O&#39;Brian Books Lot Aubrey-Maturin Series Set of  4";"$70"
703;"REX STOUT Fer-De-Lance and  The Second Confession (Nero Wolfe)";"$20"
704;"8 Original Hard-Cover Editions of &quot;The Best of Gourmet&quot; 1994-2000";"$20"
705;"8 Original Hard-Cover Editions of &quot;The Best of Gourmet&quot; 1994-2000";"$35"
706;"Smith &amp; Hawken Book of Days: The Perennial Companion";"$35"
707;"Rare 1974 Book Media and Symbols by NSSA";"$7"
708;"Vintage 1948 Russian Book by \xd0\x92\xd1\x81\xd0\xb5\xd0\xb2\xd0\xbe\xd0\xbb\xd0\xbe\xd0\xb4 \xd0\xa1\xd0\xbe\xd0\xbb\xd0\xbe\xd0\xb2\xd1\x8c\xd0\xb5\xd0\xb2";"$7"
709;"Landscapes, Travel Around the World in 10 Photography Albums/Books";"$45"
710;"Deceptively Delicious Simple Secrets to Get Your Kids Eating Good Food";"$45"
711;"Bits And Pieces The Economics Press 1971 Volume C, Number 2";"$10"
712;"Bloom County &quot;Loose Tails&quot; Berke Breathed First Edition 1983";"$10"
713;"Set of 9 Comic Series Larson/Breathed/Amerongen/Peters";"$35"
714;"1960s to 1980s PENTHOUSE MAGAZINES";"$35"
715;"Russian Book &quot; History of Hypnotism&quot;";"$25"
716;"BIBLIA VULGATA /NOVA EDITIO 1965 Alberto Colunga O.P./ L. Turrado";"$25"
717;"Bloom County &quot;Loose Tails&quot; Berke Breathed First Edition 1983";"$225"
718;"Passing Through Eden: Photographs of Central Park by Tod Papageorge";"$225"
719;"Collected Writings of Ambrose Bierce";"$100"
720;"Music Lovers! Piano &amp; Voice Books";"$100"
721;"Tom Sawyer";"$800"
722;"Diary of a Wimpy Kid The Ugly Truth";"$800"
723;"The Adventures of Huckleberry Finn";"$6"
724;"Japanese cooking comic books - whole set";"$6"
725;"Car magazines,sports,assorted old mags";"$55"
726;"loads of -pottery";"$20"
727;"Oscar Hijuelos Novels";"$20"
728;"The Phantom of the Opera";"$10"
729;"Michaelangelo: The Sistine Chapel Ceiling";"$10"
730;"Express Lane Meals";"$30"
731;"Los Mejores Poemas de Amor";"$30"
732;"Elvis! The Last Word";"$40"
733;"Bloomsbury Guide";"$40"
734;"Health and fitness books lot of 17";"$8"
735;"The Ford Century";"$8"
736;"Health and fitness books lot of 17";"$6"
737;"Manhattan 5lb Book of LSAT Practice Drills";"$6"
738;"LSAT Logic Games Solutions Manual (Cambridge)";"$5"
739;"NYC LSAT Study Group";"$5"
740;"LSAT Reading Comprehension Bible";"$5"
741;"LSAT Logic Games Bible";"$5"
742;"* Selling Full Set of Manhattan LSAT Course Books *";"$0"
743;"* Selling Full Set of PS LSAT Course Books *";"$0"
744;"* Selling Full Set of Fox LSAT Course Books *";"$175"
745;"Selling Several LSAT PrepTests";"$175"
746;"MARILYN MONROE Magazine";"$3"
747;"The Dragonology   Handbook &amp; The Book of  Dragons";"$3"
748;"Fairyopolis";"$10"
749;"Books for Sale: Economics, Finance, Banking, and Other";"$10"
750;"Horizon Magazines Hard Cover";"$10"
751;"Audel Guides";"$10"
752;"Smithsonian Illustrated Library of Antiques Clocks Vol. &amp; Pottery Vol.";"$15"
753;"the decline and fall of the ny yankees";"$15"
754;"A+ Doggy Food";"$375"
755;"DAT Destroyer Care Package";"$375"
756;"DAT Test Prep Care Package";"$3"
757;"A+ Doggie Food";"$3"
758;"Focus on Study";"$50"
759;"Brand New Children&#39;s Books";"$50"
760;"Focus on Study";"$50"
761;"Norman Rockwell Book";"$50"
762;"Pompei and Herculaneum, The Living Cities of the Dead";"$50"
763;"Guido Gregorietti Jewelry Through the Ages";"$50"
764;"American Art Nouveau";"$250"
765;"Brand New Vegan Books";"$250"
766;"Winter 1990 The Ship to shore quarterly journal";"$8"
767;"EL NUEVO TESTAMENTO VERSION ANTIGUA Colombia &#39;96 First Edition";"$8"
768;"Three Great Books in Mint Prestige Condition";"$250"
769;"Computer Desk";"$250"
770;"Washington Black (Hardcover) by Esi Edugyan";"$8"
771;"The Traditional Handy Craft of Korea";"$8"
772;"Cooking,wine, alcohol,design books";"$75"
773;"24 ORIGINAL COMICS";"$75"
774;"BRAND NEW The Grilling Bible (Hardcover)";"$45"
775;"a dozen ART BOOKS.. ceramics, architecture, photography, and design";"$45"
776;"loads of -pottery";"$40"
777;"Cook book and Education Books for Sale, $50 for the Lot";"$40"
778;"Thinkpad Genuine Leather Laptop Briefcase - FREE $10 GIFT BONUS!";"$10"
779;"Bundle of Goodies for the Carefree Girl!";"$10"
780;"The NoteBuyer&#39;s Master Guide by Donna Bauer- Learn RE Investing";"$20"
781;"The Great Cooks&#39; Guide to Vegetable Cookery Cook Book";"$20"
782;"NY Post Dec 9,1980 -  &quot;I Just Shot John Lennon&quot;";"$15"
783;"Leading Lady - Sherry Lansing/Stephen Galloway";"$15"
784;"Spice Girls Unofficial Official UK 1st Print Book";"$25"
785;"CPA EXAM ACCOUNTING PREP BOOKS ($500 VALUE)";"$25"
786;"ENCYCLOPEDIA SET, ALL VOLUMES A-Z (GROLIER NEW BOOK OF KNOWLEDGE)";"$8"
787;"Fan Magazines";"$8"
788;"\xe2\x98\x85 ADOLF HITLER: MEIN KAMPF (Very Rare 1942 Edition) \xe2\x98\x85";"$75"
789;"Miscellaneous Sports, Music, and Fantasy Publications";"$75"
790;"Vintage Science Fiction Paperbacks";"$500"
791;"Vintage Sports Books-Baseball";"$500"
792;"Rare Hardcover Books";"$15"
793;"13 Art Books";"$15"
794;"Miscellaneous Sports Publications";"$350"
795;"3 Carpenter Training Student  Handbook Construction Industry";"$350"
796;"Manhattan Prep GRE set of 8 workbooks + 5 lb practice problems";"$500"
797;"The Story of Civilization by Will Durant - Complete, Volumes I to XI";"$500"
798;"SAT, GRE, TOEFL Official Prep Books!";"$10"
799;"***** The Laws of Success in Sixteen  Lessons by Napoleon Hill *****";"$10"
800;"***** 3 Astronomy coffee table books *****";"$25"
801;"***** 3 Teacher education / Professional development texts *****";"$25"
802;"*****Your Pregnancy &amp; Childbirth - Month to Month revised 6th ed*****";"$9"
803;"***** I Am a Cat by Soseki Natsume *****";"$9"
804;"BOOKS &amp; CDS";"$9"
805;"Bloom County &quot;Loose Tails&quot; Berke Breathed First Edition 1983";"$9"
806;"Grammar of Russian Language , Part I and II (2 Volumes)  1969 RARE";"$15"
807;"\xd0\x9f\xd0\xb0\xd0\xbc\xd1\x8f\xd1\x82\xd0\xba\xd0\xb0 350-\xd0\xbb\xd0\xb5\xd1\x82\xd0\xb8\xd1\x8f \xd1\x86\xd0\xb0\xd1\x80\xd1\x81\xd1\x82\xd0\xb2\xd0\xb5\xd0\xbd\xd0\xbd\xd0\xbe\xd0\xb3\xd0\xbe \xd0\xb4\xd0\xbe\xd0\xbc\xd0\xb0 \xd0\xa0\xd0\xbe\xd0\xbc\xd0\xb0\xd0\xbd\xd0\xbe\xd0\xb2\xd1\x8b";"$15"
808;"Norman Rockwell&#39;s America, Reader&#39;s Digest Edition Finch, Christopher";"$10"
809;"Unique Gold Plated Bookmark Orthodox Cross Delart Creations";"$10"
810;"Juergen Teller Marc Jacobs Advertising 1998-2009, First Edition";"$25"
811;"Juergen Teller Vivienne Westwood Spring Summer 2008 Book";"$25"
812;"Herb Ritts &quot;Men/Women&quot;, First Edition 1989";"$7"
813;"Herb Ritts &quot;Notorious&quot;, First Edition, 1992, Signed.";"$7"
814;"PURPLE MAGAZINE Issue # 5 (SS 2000) / LIKE NEW";"$0"
815;"PURPLE MAGAZINE issues #15-16-17-18 / LIKE NEW";"$0"
816;"PURPLE &quot;Street Mouth: The Thurston Moore Purple Diary&quot; / LIKE NEW";"$15"
817;"PURPLE &quot;Full Moon: The Katja Rahlwes Purple Book&quot; / LIKE NEW";"$15"
818;"PURPLE &quot;Chicken or Pasta: The Olaf Breuning Purple Book&quot; / LIKE NEW";"$45"
819;"Purple 20 Years: The Richard Prince Purple Book / LIKE NEW";"$45"
820;"Richard Prince Bettie Kline Purple Magazine Pocket Edition / NEW";"$50"
821;"The Ryan McGinley Purple Book &quot;The Journey is the Destination&quot; / NEW";"$50"
822;"Ryan McGinley &quot;Moonmilk&quot; First Edition / NEW";"$850"
823;"Victoria&#39;s Secret &quot;Backstage Sexy&quot; Limited Edition Book, 2003";"$850"
824;"Matsuda Spring-Summer 1995 Lookbook by Stephane Sednaoui";"$125"
825;"Beyond Gender: Matsuda by Yukio Kobayashi SS 1997";"$125"
826;"&quot;Essentials&quot;: Riccardo Tisci&#39;s Givenchy SS 2016 Booklet";"$800"
827;"BLK DNM Gazette 1 / NEW";"$800"
828;"Vintage Fashion Magazines 1990&#39;s-2000&#39;s";"$350"
829;"The Last Magazine issues #1 to #23";"$350"
830;"Jaycee Dugard - A Stolen Life";"$350"
831;"UNEMPLOYED MAGAZINE Issues 1 and 2";"$350"
832;"Dr. Phil - The 20/20 Diet";"$300"
833;"Moving Two Beautiful Cherry Book Shelves";"$300"
834;"Two Vintage Encyclopedia Sets (Complete and Like New) - 1961 and 1973";"$125"
835;"Childrens books";"$125"
836;"Two Vintage Encyclopedia Sets (Complete and Like New) - 1961 and 1973";"$325"
837;"The Mystery Method hardcover book";"$325"
838;"Big magazine fashion and art magazine set of  20 issues";"$450"
839;"Mix rare european vintage fashion magazines for sale x 18";"$450"
840;"Dazed and Confused the face ID British Fashion Magazine for sale";"$825"
841;"Stiletto french fashion magazine batch x 12";"$825"
842;"V Magazine issues for sale - vintage fashion magazine";"$400"
843;"Muse magazine quarterly fashion bible";"$400"
844;"interchange fourth edition";"$40"
845;"Numero Paris French Fashion Magazine 40 issue set for sale";"$40"
846;"Mens european fashion magazine library for sale-vman vogue homme etc";"$150"
847;"Fashion photographer Peter Lindbergh: Untitled 116 photography book";"$150"
848;"Fabien Baron&#39;s Interview Magazines for sale";"$5"
849;"Vintage Italian Vogue Magazines for sale Bulk";"$5"
850;"Rare European Fashion Magazines x 23 - Batch for sale";"$75"
851;"French Vogue Set of 46 Vintage Fashion Magazine selling in Bulk";"$75"
852;"Six (6) issues of UK Fashion Magazine TANK magazine for sale";"$9"
853;"F16x9&#39;s FLY DVD MAGAZINE issue 0 ART &amp; FASHION FILMS";"$9"
854;"L&#39;uomo Vogue Homme mens fashion magazine Library";"$15"
855;"The Face British fashion Magazine 25 issues 1990s for sale";"$15"
856;"Set of 46 - French Vogue Vintage Fashion Magazine";"$160"
857;"European fashion magazines for sale Citizen k, Doing Bird";"$160"
858;"9 Coffee Table Books, Movie, Art Books, Etc.";"$75"
859;"1937 - The Complete Works of William Shakespeare";"$75"
860;"Collectible19th and 20th Century Books";"$200"
861;"Woman in the Mirror; Richard Avedon";"$200"
862;"1941 A Treasury of Gilbert &amp; Sullivan";"$15"
863;"Hollywood at Home; A Family Album 1950-1960, Sid Avery";"$15"
864;"~The Smitten Kitchen Cookbook~";"$225"
865;"The Poetical Works of Thomas Hood";"$225"
866;"1947 Famous Myths of the Golden Age";"$1"
867;"Speedotron Strobe Head 102";"$145"
868;"Asap!coding books ICD  10 Expert2020 for hoapitals";"$145"
869;"Weight Watchers Magazine Low-Calorie Barbecue Favorites";"$1"
870;"Asap ! Cpt book 2020!";"$1"
871;"Coll. of Books of Rock and Roll Beatles John Lennon Elvis Madonna Oth.";"$40"
872;"Collection of Vintage Cartoon Books Illustration and Disney Hardcovers";"$40"
873;"1912 Readings in Ancient History by Davis";"$50"
874;"collection of adult magazines with missing covers,tears,rips, readabl";"$50"
875;"HENRI MATISSE: A RETROSPECTIVE---TOTALLY UNUSED COPY";"$250"
876;"The Out-of-Sync Child; The Challenging Child";"$250"
877;"The Mystery of the Creaking Windmill (for Middle Schoolers)";"$550"
878;"Sironia, Texas by Madison Cooper";"$550"
879;"A Few Flies and I:  Haiku by Issa";"$75"
880;"My Autobiography Charles Chaplin";"$75"
881;"The Clark New Pocket Music Dictionary";"$200"
882;"Children&#39;s Book:  Hattie the Backstage Bat by Don Freeman";"$200"
883;"Blue Angel by Francine Prose";"$750"
884;"Children&#39;s Book:  Street Dog by Richard E. Drdek";"$750"
885;"Nathan&#39;s Famous Hot Dog Cookbook";"$300"
886;"The Second Jewish Catalog";"$300"
887;"Little Audrey and the Moon Lady (Wonder Books)";"$200"
888;"Mirabella Magazine, First Issue";"$200"
889;"The Rubaiyat of Omar Khayyam";"$85"
890;"Tolstoy - An Approach 1946:Napoleon-1925";"$85"
891;"RENOIR Life and Works purchased in National Gallery London";"$7"
892;"Poems by Felicia Hemans with an Essay on Her Genius by H.T. Tuckerman";"$7"
893;"The Excellent Teacher-A Volume About Teacher By Teachers For Teachers";"$10"
894;"Western Civilization College 6 Books Bundle";"$10"
895;"Signed by Author - For Immediate Release: Shape Minds, Build Brands..";"$325"
896;"Understanding Psychology by Robert S. Feldman (1989, Hardcover)";"$325"
897;"Reality Check: The Irreverent Guide to Start Business - Guy Kawasaki";"$85"
898;"Stephen King Dark Tower Series";"$85"
899;"Essentials of Understanding Psychology by Robert S. Feldman Plus Study";"$225"
900;"The Southern Cookbook of Fine Old Recipes 1939";"$225"
901;"Monster High Book Trio";"$200"
902;"4 WILLIAM FAULKNER BOOKS";"$200"
903;"HELP WITH WRITING / READING";"$350"
904;"Buck Rogers Collected Works";"$350"
905;"Travel Guides";"$30"
906;"The New Joys of Yiddish : Completely Updated by Leo Rosten";"$30"
907;"US Constitution (Spanish Edition)";"$65"
908;"Sex in History by Reay Tannahill";"$65"
909;"White Bridal Bible leather bound";"$50"
910;"A Child Is Born by Lennart Nilsson";"$50"
911;"The Big Book of New American Humor";"$250"
912;"Circumcision Exposed by Billy Ray Boyd";"$250"
913;"For Hearing People Only by Matthew S. Moore";"$50"
914;"Shiatzu: Japanese Finger Pressure by Yukiko Irwin";"$50"
915;"The Nude: A Study in Ideal Form by Kenneth M. Clark";"$8"
916;"Williams-Sonoma Cook books series";"$8"
917;"Directed by VINCENTE MINNELLI by Stephen Harvey";"$250"
918;"Brain Facts - A Primer on the Brain and Nervous System";"$250"
919;"America Through the Lens by Martin W. Sandler (Hardcover)";"$100"
920;"Management, Finance, Economics Books from the Economist";"$100"
921;"The Forgetting: Alzheimer&#39;s: Portrait of an Epidemic by David Shenk";"$300"
922;"Poland - Illustrated Hardcover Book with 100&#39;s of color pictures";"$300"
923;"Amazing Weekend Books - BACK TO SCHOOL";"$300"
924;"Forging a Metropolis: Walking Tours of Lower Manhattan Architecture";"$300"
925;"The Essential Talmud by Adin Steinsaltz";"$325"
926;"The Comprehensive Hebrew Calendar book";"$325"
927;"Three Great Jewish Plays by Joseph C. Landis";"$800"
928;"A Book of Jewish Concepts by Philip Birnbaum";"$800"
929;"Yiddishe Mamas : The Truth about the Jewish Mother";"$0"
930;"Just Say Nu: Yiddish for Every Occasion by Michael Wex";"$100"
931;"The Yiddish Policemen&#39;s Union:A Novel by Michael Chabon (Hardcover)";"$100"
932;"Prairie Traits of Miz Mac";"$135"
933;"Trump-Buffet-Obama-Robbins-Holden";"$135"
934;"Warren Buffett: The Snowball";"$100"
935;"This calls for a drink";"$100"
936;"2 marketing books";"$10"
937;"HIRSCHFELD ON-LINE  hardcovered";"$15"
938;"The Films of Charlie Chaplin";"$12"
939;"Windows XP for Dummies";"$10"
940;"MODIGLIANI by JEFFREY MEYERS";"$50"
941;"Smurf30s";"$50"
942;"Smurf30s";"$12"
943;"WEBSTERS NEW UNIVERSAL ENCYCLOPEDIA";"$12"
944;"Statistics For Dummies";"$15"
945;"People of Corn A Mayan Story";"$15"
946;"HTML for Babies Board book";"$0"
947;"The Origin of Life on Earth an African Creation Myth";"$0"
948;"HENRI MATISSE: A RETROSPECTIVE---TOTALLY UNUSED COPY";"$0"
949;"Revealing Rebellion in Abiayala by Hannah Burdette";"$0"
950;"Dude Lit: Mexican Men Writing and Performing Competence, 1955-2012";"$0"
951;"Calling the Soul Back by Christina Garcia Lopez";"$0"
952;"The Supernatural Sublime by Ra\xc3\xbal Rodr\xc3\xadguez-Hern\xc3\xa1ndez and Claudia Schae";"$10"
953;"The Rub of Time: Bellow, Nabokov, Hitchens, Travolta, Trump NEW book";"$60"
954;"This Woman&#39;s Work: The Writing and Activism of Bebe Moore Campbell";"$60"
955;"Faulkner and History by Jay Watson &amp; Thomas Jr., James G.";"$1"
956;"The Supernatural Sublime by Ra\xc3\xbal Rodr\xc3\xadguez-Hern\xc3\xa1ndez and Claudia Schae";"$25"
957;"Goodbye Christ?: Christianity, Masculinity, and the New Negro Renaissa";"$25"
958;"The Gyroscopic Transformation of Self Quest in W. B. Yeats&#39;s Poetry";"$5"
959;"Everywhere and Nowhere: Anonymity and Mediation in Eighteenth-Century";"$5"
960;"On the Threshold of Eurasia: Revolutionary Poetics in the Caucasus";"$3"
961;"Carol J. Adams: Animaladies - Gender, Animals, and Madness";"$3"
962;"Studies in Description: Reading Gertrude Stein&#39;s Tender Buttons";"$150"
963;"A Theology of Sense: John Updike, Embodiment, and Late Twentieth-Centu";"$150"
964;"Unbecoming Language: Anti-Identitarian French Feminist Fictions";"$125"
965;"Enduring Images: A Future History of New Left Cinema";"$125"
966;"The Great Minnesota Cookie Book: Award-Winning Recipes from the Star T";"$10"
967;"Defending the Public&#39;s Enemy The Life and Legacy of Ramsey Clark";"$5"
968;"Labor Pains: New Deal Fictions of Race, Work, and Sex in the South";"$5"
969;"The Supernatural Sublime by Ra\xc3\xbal Rodr\xc3\xadguez-Hern\xc3\xa1ndez and Claudia Schae";"$50"
970;"Toward a Living Architecture? by Christina Cogdell";"$50"
971;"Modernist Communities across Cultures and Media Caroline Pollentier";"$140"
972;"Methodological Advances in Experimental Philosophy (2019, Hardcover)";"$140"
973;"Climate Change Scepticism: A Transnational Ecocritical Analysis NEW";"$75"
974;"Summa Technologiae by Stanislaw Lem";"$75"
975;"Loathsome Jews and Engulfing Women Andrea Freud Loewenstein";"$150"
976;"Canadian Battlefields of the Second World War : Dieppe, D-Day";"$150"
977;"Faulkner and History by Jay Watson &amp; Thomas Jr., James G.";"$25"
978;"I Know You Know by Gilly Macmillan novel";"$25"
979;"Wilbur Smith: Rage (9781499860764 paperback)";"$15"
980;"Murray Talks Music Albert Murray on Jazz and Blues paperback";"$15"
981;"Salvador Dali calendar 1996";"$5"
982;"Chronicle of 20th century";"$5"
983;"Salvador Dali calendar 1996";"$190"
984;"COOKBOOKS GALORE.  Take One. Take &#39;em All!";"$190"
985;"SNAKEOPEDIA: The Complete Guide to Everything Snake";"$20"
986;"A Great Classic for Children - ANNE of GREEN GABLES";"$20"
987;"LEARNING FUNCTIONAL WORDS &amp; PHRASES FOR EVERYDAY LIVING";"$5"
988;"GHOST STORIES of NEW YORK STATE";"$5"
989;"RENOIR Life and Works purchased in National Gallery London";"$20"
990;"Antique Music Books - The Beauties of Handel in 2 vol-1805";"$20"
991;"The FOLK MUSIC SOURCEBOOK - From 1976 - First Edition";"$15"
992;"National Lampoon collection";"$15"
993;"All My Children : The Complete Family Scrapbook";"$5"
994;"The Artists Colony, Safad";"$5"
995;"Frank Sinatra Book, Tribute Magazine";"$5"
996;"318 Nautical Books, New Condition";"$10"
997;"PRAGUE travel books---current dates";"$10"
998;"ART TREASURES in FLORENCE MUSEUMS CHURCHES PALACES";"$5"
999;"RENOIR Life and Works purchased in National Gallery London";"$5"
